0,1,2,3,4,5,6,7,8
,,,,,,,,
,,1階,"8.8万円
5000円","8.8万円
8.8万円","2LDK
36.01m2","動画
パノラマ","追加

追加","詳細を見る
												お問い合わせ
													(無料)"
,,5階,"9.9万円
5000円","9.9万円
9.9万円","2LDK
57.61m2",動画,"追加

追加","詳細を見る
												お問い合わせ
													(無料)"
,,5階,"10万円
5000円","10万円
10万円","2LDK
54.81m2",動画,"追加

追加","詳細を見る
												お問い合わせ
													(無料)"
,,2階,"9.4万円
5000円","9.4万円
9.4万円","2LDK
57.8m2","動画
パノラマ","追加

追加","詳細を見る
												お問い合わせ
													(無料)"
,,2階,"9.4万円
5000円","9.4万円
9.4万円","2LDK
54.81m2","動画
パノラマ","追加

追加","詳細を見る
												お問い合わせ
													(無料)"
,,3階,"9.6万円
5000円","9.6万円
9.6万円","2LDK
57.8m2","動画
パノラマ","追加

追加","詳細を見る
												お問い合わせ
													(無料)"
,,,,,,,,
,,1階,"8.8万円
5000円","8.8万円
8.8万円","2LDK
54.81m2","動画
パノラマ","追加

追加","詳細を見る
												お問い合わせ
													(無料)"
,,3階,"9.6万円
5000円","9.6万円
9.6万円","2LDK
57.8m2","動画
パノラマ","追加

追加","詳細を見る
												お問い合わせ
													(無料)"
,,,,,,,,
,,4階,"8.9万円
3000円","8.9万円
-","2LDK
50.71m2",動画,"追加

追加","詳細を見る
												お問い合わせ
													(無料)"
,,,,,,,,
,,4階,"8.9万円
3000円","8.9万円
-","2LDK
50.71m2",,"追加

追加","詳細を見る
												お問い合わせ
													(無料)"
,,,,,,,,
,,4階,"8.9万円
3000円","8.9万円
-","2LDK
50.71m2",,"追加

追加","詳細を見る
												お問い合わせ
													(無料)"
,,,,,,,,
,,3階,"7.2万円
5000円","7.2万円
-","2LDK
54.04m2","動画
パノラマ","追加

追加","詳細を見る
												お問い合わせ
													(無料)"
,,,,,,,,
,,3階,"7.2万円
5000円","7.2万円
-","2LDK
54.04m2","動画
パノラマ","追加

追加","詳細を見る
												お問い合わせ
													(無料)"
,,,,,,,,
,,3階,"6.4万円
3500円","6.4万円
-","2LDK
45.2m2",パノラマ,"追加

追加","詳細を見る
												お問い合わせ
													(無料)"
,,2階,"6.4万円
3500円","6.4万円
-","2LDK
45.2m2",,"追加

追加","詳細を見る
												お問い合わせ
													(無料)"
,,,,,,,,
,,3階,"6.4万円
3500円","6.4万円
-","2LDK
45.2m2",,"追加

追加","詳細を見る
												お問い合わせ
													(無料)"
,,,,,,,,
,,3階,"8.5万円
5000円","-
-","2LDK
54.07m2",,"追加

追加","詳細を見る
												お問い合わせ
													(無料)"
,,,,,,,,
,,3階,"8.5万円
5000円","-
-","2LDK
54.07m2",パノラマ,"追加

追加","詳細を見る
												お問い合わせ
													(無料)"
,,,,,,,,
,,3階,"8.5万円
5000円","-
-","2LDK
54.07m2",,"追加

追加","詳細を見る
												お問い合わせ
													(無料)"
,,,,,,,,
,,4階,"7万円
4000円","-
7万円","2LDK
44.24m2",パノラマ,"追加

追加","詳細を見る
												お問い合わせ
													(無料)"
,,,,,,,,
,,4階,"7万円
4000円","-
-","2LDK
45.35m2",動画,"追加

追加","詳細を見る
												お問い合わせ
													(無料)"
,,,,,,,,
,,3階,"6.7万円
4000円","-
-","2LDK
43.44m2",パノラマ,"追加

追加","詳細を見る
												お問い合わせ
													(無料)"
,,,,,,,,
,,3階,"6.3万円
4000円","-
6.3万円","2LDK
45.36m2",動画,"追加

追加","詳細を見る
												お問い合わせ
													(無料)"
,,2階,"6.5万円
4000円","-
6.5万円","2LDK
50.33m2",,"追加

追加","詳細を見る
												お問い合わせ
													(無料)"
,,,,,,,,
,,3階,"6.3万円
4000円","-
6.3万円","2LDK
45.36m2",,"追加

追加","詳細を見る
												お問い合わせ
													(無料)"
,,2階,"6.5万円
4000円","-
6.5万円","2LDK
45.36m2",動画,"追加

追加","詳細を見る
												お問い合わせ
													(無料)"
,,,,,,,,
,,2階,"6.5万円
4000円","-
6.5万円","2LDK
50.33m2",パノラマ,"追加

追加","詳細を見る
												お問い合わせ
													(無料)"
,,,,,,,,
,,2階,"9.2万円
7000円","9.2万円
-","2LDK
48.38m2",,"追加

追加","詳細を見る
												お問い合わせ
													(無料)"
,,,,,,,,
,,2階,"9.2万円
7000円","9.2万円
-","2LDK
48.38m2",,"追加

追加","詳細を見る
												お問い合わせ
													(無料)"
,,,,,,,,
,,4階,"7.3万円
4000円","7.3万円
-","2LDK
51.86m2",,"追加

追加","詳細を見る
												お問い合わせ
													(無料)"
,,,,,,,,
,,2階,"8.3万円
5000円","-
8.3万円","2LDK
53.72m2",,"追加

追加","詳細を見る
												お問い合わせ
													(無料)"
,,,,,,,,
,,2階,"6.5万円
5000円","6.5万円
-","2LDK
45.04m2",パノラマ,"追加

追加","詳細を見る
												お問い合わせ
													(無料)"
,,,,,,,,
,,2階,"7.35万円
2800円","-
7.35万円","2LDK
56.85m2",,"追加

追加","詳細を見る
												お問い合わせ
													(無料)"
,,,,,,,,
,,2階,"6.5万円
5000円","6.5万円
-","2LDK
46.18m2",動画,"追加

追加","詳細を見る
												お問い合わせ
													(無料)"
,,,,,,,,
,,2階,"6.9万円
4000円","-
-","2LDK
45.22m2",動画,"追加

追加","詳細を見る
												お問い合わせ
													(無料)"
,,,,,,,,
,,2階,"7万円
4000円","-
-","2LDK
45.14m2","動画
パノラマ","追加

追加","詳細を見る
												お問い合わせ
													(無料)"
,,,,,,,,
,,2階,"7万円
4000円","-
-","2LDK
45.14m2","動画
パノラマ","追加

追加","詳細を見る
												お問い合わせ
													(無料)"
,,,,,,,,
,,1階,"6.8万円
4000円","-
-","2LDK
45.14m2",,"追加

追加","詳細を見る
												お問い合わせ
													(無料)"
,,,,,,,,
,,2階,"7.3万円
4000円","-
-","2LDK
55.36m2",,"追加

追加","詳細を見る
												お問い合わせ
													(無料)"
,,,,,,,,
,,2階,"7.3万円
4000円","-
-","2LDK
55.36m2",,"追加

追加","詳細を見る
												お問い合わせ
													(無料)"
,,,,,,,,
,,1階,"6.4万円
4000円","-
-","2LDK
50.67m2",,"追加

追加","詳細を見る
												お問い合わせ
													(無料)"
,,,,,,,,
,,4階,"6.9万円
4000円","-
-","2LDK
45.51m2",,"追加

追加","詳細を見る
												お問い合わせ
													(無料)"
,,,,,,,,
,,2階,"8万円
5000円","8万円
8万円","2LDK
64.58m2",,"追加

追加","詳細を見る
												お問い合わせ
													(無料)"
,,,,,,,,
,,2階,"8万円
5000円","8万円
8万円","2LDK
64.58m2","動画
パノラマ","追加

追加","詳細を見る
												お問い合わせ
													(無料)"
,,,,,,,,
,,10階,"7.9万円
5000円","7.9万円
-","2LDK
56.3m2",,"追加

追加","詳細を見る
												お問い合わせ
													(無料)"
,,,,,,,,
,,3階,"7万円
4000円","-
-","2LDK
52.25m2",動画,"追加

追加","詳細を見る
												お問い合わせ
													(無料)"
,,,,,,,,
,,3階,"7万円
4000円","7万円
-","2LDK
52.25m2",パノラマ,"追加

追加","詳細を見る
												お問い合わせ
													(無料)"
,,,,,,,,
,,3階,"6.5万円
4000円","-
-","2LDK
50.37m2",動画,"追加

追加","詳細を見る
												お問い合わせ
													(無料)"
,,,,,,,,
,,3階,"6.5万円
4000円","-
-","2LDK
50.37m2",動画,"追加

追加","詳細を見る
												お問い合わせ
													(無料)"
,,,,,,,,
,,3階,"6.5万円
4000円","-
-","2LDK
50.37m2",,"追加

追加","詳細を見る
												お問い合わせ
													(無料)"
,,,,,,,,
,,7階,"8.4万円
5000円","8.4万円
-","2LDK
60.24m2",パノラマ,"追加

追加","詳細を見る
												お問い合わせ
													(無料)"
,,,,,,,,
,,7階,"8.4万円
5000円","8.4万円
-","2LDK
60.24m2",,"追加

追加","詳細を見る
												お問い合わせ
													(無料)"
,,,,,,,,
,,1階,"7.6万円
4000円","7.6万円
-","2LDK
54.27m2",動画,"追加

追加","詳細を見る
												お問い合わせ
													(無料)"
,,,,,,,,
,,1階,"7.6万円
4000円","7.6万円
-","2LDK
54.27m2",動画,"追加

追加","詳細を見る
												お問い合わせ
													(無料)"
,,,,,,,,
,,1階,"5.3万円
4000円","5.3万円
-","2LDK
45m2",,"追加

追加","詳細を見る
												お問い合わせ
													(無料)"
,,1階,"5.6万円
4000円","5.6万円
-","2LDK
45m2",,"追加

追加","詳細を見る
												お問い合わせ
													(無料)"
,,,,,,,,
,,1階,"5.3万円
4000円","5.3万円
-","2LDK
45m2","動画
パノラマ","追加

追加","詳細を見る
												お問い合わせ
													(無料)"
,,1階,"5.6万円
4000円","5.6万円
-","2LDK
45m2",,"追加

追加","詳細を見る
												お問い合わせ
													(無料)"
,,,,,,,,
,,1階,"5.3万円
4000円","5.3万円
-","2LDK
45m2",,"追加

追加","詳細を見る
												お問い合わせ
													(無料)"
,,,,,,,,
,,1階,"6万円
4000円","-
-","2LDK
44.54m2",動画,"追加

追加","詳細を見る
												お問い合わせ
													(無料)"
,,,,,,,,
,,1階,"6万円
4000円","-
-","2LDK
44.54m2",動画,"追加

追加","詳細を見る
												お問い合わせ
													(無料)"
